algorithm,run,library,parsimony,maxsize,dof,n_terms,MSE_train,MSE_val,MSE_test,R2_val,R2_test,ATE,ate_grade,equation
PySR,run_1,Full,0.001,15,a_x,5,39.29529112926116,24.51599508459854,24.863895199919646,0.982356381887454,0.9796153790894091,3.268977006986364,F,(sin_ez + vy)*12.400245
PySR,run_1,Full,0.001,15,a_y,9,59.19143389398898,32.20730447045656,28.987546875072052,0.9775356010095317,0.9773547698260138,1.0497832263845388,F,az + cos_ez*(-12.972738) + vx*(-11.834942)
PySR,run_1,Full,0.001,15,a_z,3,13.199111695441449,6.156061608653036,7.02082564247045,0.6938363525206059,0.5477618654841133,0.05620308989448131,C,px - vx
PySR,run_2,Full,0.001,15,a_x,7,50.4920963877609,27.847612692569545,41.43047339125743,0.9775427552070222,0.9711977550562741,2.5899717043331205,F,sin_ez*16.327602 + vy*13.373895
PySR,run_2,Full,0.001,15,a_y,7,50.12401591495098,43.455545525123995,76.28108707031774,0.963259007857973,0.9406676309828762,1.8697756457286945,F,cos_ez*(-14.607531) - vx/0.07702699
PySR,run_2,Full,0.001,15,a_z,3,14.368589522863854,10.639082211870718,19.986842484465363,0.2610881137668659,-0.030073639501393856,0.311776467569963,D,vx*(-0.7663247)
PySR,run_3,Full,0.001,15,a_x,5,30.971282867551242,43.311064571319186,139.86384881291713,0.9671181545405111,0.7170306969798856,1.747127599429716,F,(sin_ez + vy)/0.077492185
PySR,run_3,Full,0.001,15,a_y,5,32.79789101327955,51.5222141226017,118.60155741067769,0.9604661253077578,0.6768595834339876,0.6515116426390515,F,(cos_ez + vx)/(-0.08384621)
PySR,run_3,Full,0.001,15,a_z,3,10.90071078995858,12.764129709938452,17.572447501209993,-1.14412630194846,0.04027823834188671,0.47681422513101884,D,px - vx
PySR,run_4,Full,0.001,15,a_x,5,33.10633876764951,25.967236424641424,84.37776192822412,0.9783836335163454,0.018110047717329825,0.37616577020773434,D,(sin_ez + vy)/0.08014464
PySR,run_4,Full,0.001,15,a_y,7,31.28838429288098,18.54883161040414,59.6290246063488,0.9829223204774019,0.4847111891884178,0.8014514265585794,F,(cos_ez - vx/(-0.98821545))*(-11.461128)
PySR,run_4,Full,0.001,15,a_z,3,6.806729115850516,5.415060002006773,3.484678416745531,0.3997737856663728,0.1127040801183471,0.2665804769883485,D,ax*(-0.06556577)
PySR,run_5,Full,0.001,15,a_x,5,40.8177773848742,31.52913598033391,47.275166556421254,0.9748222841638864,0.9615222813994082,1.0054116348012085,F,(sin_ez + vy)/0.07826494
PySR,run_5,Full,0.001,15,a_y,7,32.3527188906245,16.606663463762015,26.262125830425095,0.9851150329901631,0.9788906283068908,0.6287885689022649,F,-cos_ez/0.08265432 + vx*(-11.9063635)
PySR,run_5,Full,0.001,15,a_z,3,8.106978155596519,9.0484180064536,8.79951580798645,0.28507477392706526,0.3771026526167316,0.08643943801629016,C,ax*(-0.0858192)
Hybrid PySR,pooled,Full,0.001,15,a_x,5,45.06285668940591,42.281388609501846,39.19151216044088,0.9678047144732111,0.9722239219802733,22.73013134419083,F,(sin_ez + vy)*12.495282
Hybrid PySR,pooled,Full,0.001,15,a_y,9,40.58456293380866,30.17016476850385,25.345120865097513,0.9746480393566868,0.9810297316152361,61.22035424250405,F,-sin_ey + (cos_ez + vx)*(wz - 3.6920009)
Hybrid PySR,pooled,Full,0.001,15,a_z,3,12.600291018486745,17.222039121897705,31.91702420307337,-0.7097216767868699,-0.8901624801849564,0.8386209558083163,F,px - vx
PySR,run_1,Full,0.001,25,a_x,5,39.29612639355167,24.55263873326068,24.909146364355074,0.9823300102659467,0.9795782800015403,3.268954668700475,F,(sin_ez + vy)*12.403117
PySR,run_1,Full,0.001,25,a_y,7,59.52262489236697,33.0812750119349,29.065713259649506,0.9769260118721454,0.9772937058188299,1.2577442877184644,F,az - 11.64363*(cos_ez + vx)
PySR,run_1,Full,0.001,25,a_z,5,8.191088503380586,6.567647018337175,6.292815583412084,0.6733666921616076,0.5946557676807083,0.6765733326123601,F,(-alphax + ay)*0.1043556
PySR,run_2,Full,0.001,25,a_x,5,53.89810574709713,31.99744379131232,44.342288567353165,0.9741961928333346,0.9691734766189811,2.8146360562811332,F,(sin_ez + vy)*13.14202
PySR,run_2,Full,0.001,25,a_y,7,50.1847037617259,38.71834279086847,71.81970042237676,0.9672642395569709,0.9441377524650162,1.8858593412221172,F,cos_ez*(-14.443049) - 12.798891*vx
PySR,run_2,Full,0.001,25,a_z,3,13.541247029251858,9.629368062345778,19.343860003955015,0.331215383386918,0.0030641262237181,0.35310348392019425,D,ay*0.06841315
PySR,run_3,Full,0.001,25,a_x,7,25.777066078291327,40.29813647429589,191.30810751618603,0.9694055754812672,0.6129498629888077,1.6326104409738074,F,sin_ez/0.057076544 + vy/0.07475145
PySR,run_3,Full,0.001,25,a_y,9,32.77480208299114,52.275436035025855,118.71315675233946,0.9598881652722987,0.6765555211725772,1.0889892901467224,F,-cos_ez/0.085841745 + vx/(-0.08385079) - 1*(-0.23082295)
PySR,run_3,Full,0.001,25,a_z,3,10.77887370763431,10.796521704253797,18.743597597280925,-0.8136063078098885,-0.02368429353023105,0.0553452293583274,C,ay*0.087150045
PySR,run_4,Full,0.001,25,a_x,7,33.29014746909338,25.754303032278727,77.85955169620969,0.9785608894310931,0.09396137379451763,1.2940045641306643,F,(sin_ez + vy)/0.08045291 + 0.40848327
PySR,run_4,Full,0.001,25,a_y,7,38.74556834899582,16.755085472258774,53.07612920988268,0.9845738003299098,0.5413385396860847,0.2911509040572659,D,0.018582169 - (cos_ez + vx)/0.093149275
PySR,run_4,Full,0.001,25,a_z,3,6.7816550999760885,5.3439163656981,3.4903802076575574,0.4076596217383014,0.11125224577175508,0.2801182701683715,D,ax*(-0.06188421)
PySR,run_5,Full,0.001,25,a_x,7,37.18342256912979,33.73200710608187,52.27698643389917,0.9730631727419224,0.9574512514749182,1.420229661658158,F,sin_ez/0.058388375 - vy/(-0.07497504)
PySR,run_5,Full,0.001,25,a_y,7,32.374699562688086,17.599984631163668,26.841883328093157,0.9842246944318361,0.9784246219908308,0.5594075848379102,F,12.001273*(cos_ez*(-0.99980676) - vx)
PySR,run_5,Full,0.001,25,a_z,3,8.109659102108168,9.113536735599084,8.843187842211039,0.2799296731898189,0.3740112104434432,0.09133431284471347,C,ax*(-0.086797036)
Hybrid PySR,pooled,Full,0.001,25,a_x,5,45.062985875416416,42.271942584570006,39.18721357108616,0.9678119071761894,0.9722269685060823,22.725541324275355,F,(sin_ez + vy)*12.493317
Hybrid PySR,pooled,Full,0.001,25,a_y,7,53.30962279751439,44.94155929412124,27.632888242706052,0.9622356506430776,0.9793173877922913,50.33412493595726,F,(cos_ez - (-0.98209065)*vx)*(-12.43912)
Hybrid PySR,pooled,Full,0.001,25,a_z,5,11.226464156171717,18.073525392291785,33.14748211888802,-0.7942531613384358,-0.9630315976541055,15.6700209788192,F,alphax*(-0.14545076) - vx
PySR,run_1,Full,0.001,35,a_x,5,39.979515893875,21.81760572282664,21.300032923585093,0.984298352884502,0.9825372053316975,3.2711181294279337,F,(sin_ez + vy)/0.082423575
PySR,run_1,Full,0.001,35,a_y,7,49.12438344203172,30.598367453638627,27.53377480913353,0.9786578247935646,0.9784904645157221,1.3874548341333934,F,(cos_ez + vx)*(wz - 4.340352)
PySR,run_1,Full,0.001,35,a_z,21,5.557231558164296,4.886604356598433,4.688958760849393,0.756971143449582,0.6979662975817338,0.8334785324292958,F,-(-0.6297002)*ay + wy + (-alphax - 0.74409884)*0.32160875 + (ay + sin_ex)*(-0.5326171) - 1*1.4812795 - 0.04126229
PySR,run_2,Full,0.001,35,a_x,5,53.74693477215786,30.510262221558666,43.49682113744481,0.9753955057127641,0.9697612410835141,2.7238702145707427,F,(sin_ez + vy)*13.05904
PySR,run_2,Full,0.001,35,a_y,9,50.51536622636653,38.51477976052052,69.20528092734885,0.9674363489530915,0.9461712801479865,1.104537465102098,F,vx*(-12.698839) - (-cos_ez/(-0.074794024) - 0.27625585)
PySR,run_2,Full,0.001,35,a_z,5,10.903432783294493,9.063458941360572,18.315112840252933,0.3705192413416153,0.05608327298814453,0.07314555705071167,C,(-alphax + ay)*0.08116606
PySR,run_3,Full,0.001,35,a_x,7,26.569133259215395,39.79086226626051,166.88562579673206,0.9697906990583323,0.6623608629636426,1.680332251742878,F,(-(-1.1855642)*sin_ez + vy)*13.156617
PySR,run_3,Full,0.001,35,a_y,5,32.949189916461904,52.71406818891788,121.1546809247499,0.9595515953305123,0.6699033729600812,0.6622666192814073,F,(cos_ez + vx)*(-12.039362)
PySR,run_3,Full,0.001,35,a_z,3,10.90071078995858,12.764129709938452,17.572447501209993,-1.14412630194846,0.04027823834188671,0.47681422513101884,D,px - vx
PySR,run_4,Full,0.001,35,a_x,7,30.991709100811143,25.518135380511257,140.7805133027969,0.9787574866518642,-0.6382393693589445,0.07970542841704449,C,(sin_ez*(-1.2492924) - vy)*(-13.048119)
PySR,run_4,Full,0.001,35,a_y,7,31.421015869399014,17.908363090023833,56.139688234928165,0.9835119919114362,0.5148645583106004,0.24624339144183185,D,(-cos_ez - vx + 0.028163994)/0.08710778
PySR,run_4,Full,0.001,35,a_z,25,4.676705464524703,4.4281544948691325,21.437991163785302,0.5091662127557696,-4.458708039937534,2.211479205335542,F,-vy + (alphax + px)*(-0.373795) - (px + 2.939135) - (px + wy*(-wy**2 - 17.151646)*0.059409842 + cos(wz))
PySR,run_5,Full,0.001,35,a_x,5,40.79604287785534,32.09847121338101,47.85247101269113,0.9743676392690156,0.9610524076785254,0.9999748166276402,F,(sin_ez + vy)*12.816641
PySR,run_5,Full,0.001,35,a_y,7,32.32208336032534,16.505454876670854,25.9734707127886,0.9852057487732132,0.9791226479159907,0.647894236389287,F,(cos_ez + vx/1.0475963)*(-12.499438)
PySR,run_5,Full,0.001,35,a_z,3,8.581473404893446,10.260551968620296,10.264874192836917,0.18930276755925235,0.2733733258211871,0.14915784040795474,C,vy/(-1.0661554)
Hybrid PySR,pooled,Full,0.001,35,a_x,5,45.14806273228519,41.902766240767896,39.06335429811506,0.9680930175698952,0.9723147509018069,22.51018348728812,F,(sin_ez + vy)*12.401121
Hybrid PySR,pooled,Full,0.001,35,a_y,7,53.52077641638814,42.96920928137766,26.60061340169606,0.9638930144752471,0.98009002292333,50.44060516690218,F,-12.302465*cos_ez + vx*(-12.052564)
Hybrid PySR,pooled,Full,0.001,35,a_z,21,8.929917194295157,10.803086210063395,20.548507189229262,-0.07247873139818117,-0.21690597048680949,4.101292372213313,F,ax*(-0.038658965) - vx/1.2981626 + (px - (-alphax + wy + wy/wy))*(-0.19844708) - 1*0.72445834
PySR,run_1,Full,0.01,15,a_x,5,39.35036327870543,23.4964559826477,23.580544621934948,0.983090121574689,0.9806675318119515,3.2696506330110497,F,12.3144245*(sin_ez + vy)
PySR,run_1,Full,0.01,15,a_y,5,70.46337543277576,37.6411142810483,40.20403741589376,0.9737455517138689,0.9685923860639137,1.408374701756527,F,-13.114753*(cos_ez + vx)
PySR,run_1,Full,0.01,15,a_z,3,10.937501676799844,6.245044066102374,6.448029119465768,0.6894109267425279,0.5846578723374716,0.2538321684441587,D,ay*0.105510496
PySR,run_2,Full,0.01,15,a_x,7,53.98606225903955,29.392786067642106,42.44840676824019,0.9762966757992583,0.9704900931818038,3.5110507848433468,F,(sin_ez + vy)/0.07717935 - 1*0.3965248
PySR,run_2,Full,0.01,15,a_y,7,51.25658874694182,45.00863060532396,73.93478635892139,0.9619458984253798,0.9424926125737307,1.603022296880493,F,(cos_ez + vx)*(-6.8000503)/0.52881444
PySR,run_2,Full,0.01,15,a_z,3,13.54071496845176,9.630293566161866,19.350961759693604,0.3311511047436252,0.00269811886731941,0.35293496313557,D,ay*0.06849466
PySR,run_3,Full,0.01,15,a_x,5,31.016597889627683,41.94097689790715,138.69037665614007,0.9681583277985224,0.7194048386979566,1.7536107245165649,F,(sin_ez + vy)/0.07802932
PySR,run_3,Full,0.01,15,a_y,9,33.30052599802695,53.84117644367178,121.61096808229729,0.9586867459200812,0.6686601783057897,1.1529909206815112,F,vx + (cos_ez + vx)/(-0.07661073) - 1*(-0.36442545)
PySR,run_3,Full,0.01,15,a_z,3,10.90071078995858,12.764129709938452,17.572447501209993,-1.14412630194846,0.04027823834188671,0.47681422513101884,D,px - vx
PySR,run_4,Full,0.01,15,a_x,5,33.07607379386199,25.519119517665377,83.71040039382366,0.9787566674091445,0.025876022663728127,0.3902264956564945,D,(sin_ez + vy)*12.4225445
PySR,run_4,Full,0.01,15,a_y,7,31.256983685987734,19.144790991955926,57.271714427808035,0.9823736280562082,0.5050820667372848,0.25513625625070263,D,(-cos_ez - vx + 0.029063877)/0.0860657
PySR,run_4,Full,0.01,15,a_z,3,7.25006387432975,6.0519020909141235,3.5954109717284077,0.3291837430793063,0.08450849576765718,0.38952374395850387,D,vy*(-0.6303504)
PySR,run_5,Full,0.01,15,a_x,5,40.88695971298457,33.750491300974836,49.52231262972873,0.9730484121152194,0.9596933073193283,0.9865264120232986,F,(sin_ez + vy)/0.0773862
PySR,run_5,Full,0.01,15,a_y,5,32.35864026034437,17.176715200875194,26.64228727418967,0.9846040813881544,0.9785850563485645,0.5854139054696937,F,(cos_ez + vx)*(-11.953634)
PySR,run_5,Full,0.01,15,a_z,3,8.141459759651951,9.348964629683348,9.006495871778373,0.2613282623927027,0.3624510131958224,0.10845067967678576,C,ax*(-0.090070136)
Hybrid PySR,pooled,Full,0.01,15,a_x,6,47.13772838315896,41.860746655442505,41.274241926228896,0.9681250135045548,0.9707478354176596,27.035102569542925,F,(vy + sin(sin_ez))*12.32097
Hybrid PySR,pooled,Full,0.01,15,a_y,7,53.31393266496856,44.37517051833309,27.323654434385574,0.9627115865904871,0.9795488425313988,50.35880647067477,F,(cos_ez - vx/(-1.0179548))*(-12.392178)
Hybrid PySR,pooled,Full,0.01,15,a_z,3,12.600291018486745,17.222039121897705,31.91702420307337,-0.7097216767868699,-0.8901624801849564,0.8386209558083163,F,px - vx
PySR,run_1,Full,0.01,25,a_x,7,39.372101943534204,23.355407893877764,23.398613918835053,0.9831916307569667,0.9808166873800903,3.269753220324961,F,(sin_ez + vy)/(0.16322486*0.49803072)
PySR,run_1,Full,0.01,25,a_y,11,60.21604353441418,35.579708258021164,32.83496253874768,0.9751833698779165,0.9743491476650762,1.1323666731137012,F,(az - (-(-14.189954)*cos_ez + vx/0.08269758))/cos_ey
PySR,run_1,Full,0.01,25,a_z,3,13.199111695441449,6.156061608653036,7.02082564247045,0.6938363525206059,0.5477618654841133,0.05620308989448131,C,px - vx
PySR,run_2,Full,0.01,25,a_x,7,53.96550758843477,27.506583160242585,42.00785429178853,0.9778177728099188,0.970796362922376,2.5133663187673836,F,(sin_ez + vy)*1490.414/115.83658
PySR,run_2,Full,0.01,25,a_y,3,106.677350764686,70.69753728903373,78.04916387746445,0.9402263248428145,0.9392923990662735,0.2033277111524238,D,vx*(-10.822877)
PySR,run_2,Full,0.01,25,a_z,3,14.367925988206581,10.617752953263746,19.934501178365366,0.26256948616303444,-0.027376094868589274,0.3129919291728249,D,vx*(-0.7611936)
PySR,run_3,Full,0.01,25,a_x,5,32.90447418593214,51.90089546571013,146.2326866312492,0.9605967380205499,0.70414541165564,1.7164302820718753,F,(sin_ez + vy)/0.07500026
PySR,run_3,Full,0.01,25,a_y,11,31.82952096275753,45.54002584917422,146.99844070746116,0.9650563605221123,0.599489767235664,0.5974046045016363,F,(az + (-cos_ez - vx + 0.0004807543)/0.07392883)/1.221199
PySR,run_3,Full,0.01,25,a_z,3,10.90071078995858,12.764129709938452,17.572447501209993,-1.14412630194846,0.04027823834188671,0.47681422513101884,D,px - vx
PySR,run_4,Full,0.01,25,a_x,5,33.077987830009356,25.387219103306794,83.49975149793143,0.978866467606959,0.028327308756288527,0.39470613031664115,D,(sin_ez + vy)/0.08061192
PySR,run_4,Full,0.01,25,a_y,7,36.27862261103218,25.019706093827036,66.82232955332627,0.9769646664871167,0.4225496902136645,2.23459204772804,F,(-cos_ez - vx + vz)*10.930656
PySR,run_4,Full,0.01,25,a_z,3,7.249316497194986,6.076013183327007,3.5940948814330027,0.32651117625325643,0.08484360891431009,0.38762883877234283,D,vy*(-0.64034325)
PySR,run_5,Full,0.01,25,a_x,5,40.84232828765195,31.231066856798474,46.972471648749185,0.9750603084375796,0.9617686477335243,1.0084550766611924,F,(sin_ez + vy)/0.07839671
PySR,run_5,Full,0.01,25,a_y,13,32.388028254814635,16.624388914372854,26.654823226213157,0.9850991452263054,0.9785749800100191,0.9339991703717537,F,(py*(-0.34826368)/(-1.3988283) - 1.642709*(cos_ez + vx))*7.3528233
PySR,run_5,Full,0.01,25,a_z,3,8.583951242587693,10.202687888028814,10.220782263019956,0.19387467072164621,0.27649449143112526,0.14571397142027195,C,vy*(-0.93077713)
Hybrid PySR,pooled,Full,0.01,25,a_x,7,62.62880746009856,47.90486472316016,55.47479162774819,0.9635227023376963,0.9606835241755295,37.50594057283094,F,(sin_ez + vy + vy)*5.7455664
Hybrid PySR,pooled,Full,0.01,25,a_y,7,55.91062707048772,42.21953019078681,26.327580806509985,0.9645229690991481,0.9802943818465341,50.822550680453325,F,cos_ez/(-0.0775931) - 11.801376*vx
Hybrid PySR,pooled,Full,0.01,25,a_z,21,7.60043007777163,12.941914594976746,27.662861353815718,-0.2848113841537896,-0.6382261169732113,8.447362304767232,F,(ay - (-3.603777)*wy*wy - (alphax + vy - (-alphax - vy - 14.676622)) - 0.3122591)*0.08848624
PySR,run_1,Full,0.01,35,a_x,9,41.17141958738291,22.25183924314614,21.509468637975154,0.9839858446474206,0.9823654998282495,3.132295374575652,F,(sin_ez + vy*0.10647753 + vy)/0.09264876
PySR,run_1,Full,0.01,35,a_y,9,70.88593550319777,32.79900689745387,32.080776740928144,0.9771228921653039,0.9749383217355547,3.5765530767859395,F,cos_ey - 12.994656*cos_ez - vx/0.07915118
PySR,run_1,Full,0.01,35,a_z,30,5.159265611791116,4.42009237589424,4.13851513040012,0.7801725047557246,0.7334224694434435,0.11159794066902605,C,(wy*5.478938/(-2.360811) + (alphax - ay)/2.6023536 - (wy + wy) - (wy - (alphax - 1*(-4.7172008)) - 2.5215282)/cos(px))*(-0.2588787) - 0.024243833
PySR,run_2,Full,0.01,35,a_x,5,53.72824750224826,29.97552341244389,43.207705802951395,0.9758267369450127,0.9699622325277206,2.6893829176861823,F,(sin_ez + vy)/0.07676066
PySR,run_2,Full,0.01,35,a_y,11,40.831803951260945,23.185063178845326,62.47948100143188,0.9803973874042414,0.9514026901667241,2.297539613603796,F,(cos_ez/(-0.10637757) + px + vx*wz)*1.4591923
PySR,run_2,Full,0.01,35,a_z,3,14.377689419673548,10.511623964662503,19.658244458928163,0.26994042000767204,-0.013138490071904929,0.3196848465147685,D,vx*(-0.7329653)
PySR,run_3,Full,0.01,35,a_x,5,30.974080145060448,43.42039581526755,139.95463180086108,0.9670351500449397,0.7168470269390379,1.7466390008766088,F,(sin_ez + vy)*12.911245
PySR,run_3,Full,0.01,35,a_y,13,36.71505899852138,51.09891029828748,122.08383347126491,0.9607909335605119,0.6673718147960126,2.8309640382026457,F,(cos_ez*(-14.612294) - vx*(cos_ey + 14.525598) - wy)*0.75905323
PySR,run_3,Full,0.01,35,a_z,5,8.576755431414739,13.044912764493228,20.76377874265971,-1.1912924108876046,-0.13401677894968866,0.1685769245625005,D,ax*(-0.042914223) - vx
PySR,run_4,Full,0.01,35,a_x,5,33.088164703679155,25.78883331300105,84.12011901245548,0.9785321447779975,0.021108195386679407,0.3815703339973956,D,(sin_ez + vy)*12.456306
PySR,run_4,Full,0.01,35,a_y,7,31.095064263901477,17.77077741596861,60.70169409986448,0.9836386653374377,0.4754416331063499,0.5585302183134566,F,px - (cos_ez + vx)/0.08662879
PySR,run_4,Full,0.01,35,a_z,18,4.770016153866604,3.918002053898697,10.822483650069843,0.5657134843027637,-1.7557049567464036,0.12487223132720435,C,(-wy - 3.070114)**2*0.17180037 - (alphax*0.36885002 - pz + sin_ez + vy + 4.0213385)
PySR,run_5,Full,0.01,35,a_x,5,41.29797984714772,29.283742078336576,44.984758679303866,0.9766153523164642,0.9633864666830523,1.0326956438818358,F,(sin_ez + vy)*12.597813
PySR,run_5,Full,0.01,35,a_y,7,32.59093078032317,19.18727985061588,26.824525517137495,0.9828019621034564,0.9784385741166262,0.5215339151816708,F,(-cos_ez/(-0.90525323) + vx)*(-12.277008)
PySR,run_5,Full,0.01,35,a_z,3,8.106842271995848,9.013489028941002,8.776409704657885,0.2878345499593926,0.3787382801655411,0.0837922107048727,C,ax*(-0.08527926)
Hybrid PySR,pooled,Full,0.01,35,a_x,5,45.18049712553824,41.85073295326744,39.05717302885843,0.9681326384670101,0.9723191317334632,22.470642098689016,F,(sin_ez + vy)/0.080748096
Hybrid PySR,pooled,Full,0.01,35,a_y,9,53.682921904369465,46.873655647649414,27.536255046774652,0.9606121119223057,0.9793897156249913,50.596968272290646,F,(cos_ez*(-1.1107993) - vx)*4.8444166/0.39376482
Hybrid PySR,pooled,Full,0.01,35,a_z,25,6.174738237400662,12.05679068050498,22.786271964491817,-0.19694051517575684,-0.34942894602390573,11.072221666846739,F,vy*(-0.38750112) + (alphax + ay*(-0.26408136) + cos_ey - vy - (-vy - (-4.541618)*wy - 1.5885625))*(-0.32367617) - 1.4862831
PySR,run_1,Full,0.1,15,a_x,5,39.29379699453287,24.402206151595085,24.72303594785281,0.9824382732596956,0.9797308623003881,3.2690471053595362,F,(sin_ez + vy)/0.08070215
PySR,run_1,Full,0.1,15,a_y,7,69.67833757111677,33.90605315272362,36.31123346309924,0.9763507341350628,0.9716334658045744,0.9492448492924643,F,(-(-1.185085)*cos_ez + vx)*(-13.313842)
PySR,run_1,Full,0.1,15,a_z,3,10.892672301514217,6.17592602361228,6.161089729832882,0.6928484219043143,0.6031407318891642,0.24771498585046126,D,ay*0.0983092
PySR,run_2,Full,0.1,15,a_x,5,53.731632600181264,29.430920168066905,42.9226123072473,0.9762659231872605,0.9701604280109725,2.653096246527244,F,(sin_ez + vy)*12.994325
PySR,run_2,Full,0.1,15,a_y,9,54.861995763056974,28.06572579179098,61.14854134664582,0.9762708625949638,0.9524379114223479,1.8675147384126383,F,cos_ez/(-0.07408405) - 0.58036315*vx/0.047543384
PySR,run_2,Full,0.1,15,a_z,5,11.80417093467681,11.275818747031252,20.20575769813696,0.2168651079793873,-0.04135600143846285,0.2811026732950164,D,alphax*(-0.1344638) - vx
PySR,run_3,Full,0.1,15,a_x,7,30.969629032544933,43.22114306952543,139.78889435582312,0.96718642312164,0.7171823431033275,1.747532356276317,F,(sin_ez + vy)/(0.26814377*0.28911954)
PySR,run_3,Full,0.1,15,a_y,7,33.36479028702159,52.05037581659504,118.14968959640765,0.9600608578210406,0.6780907371972589,0.8103610223487947,F,-cos_ez/0.09500087 + vx/(-0.084257)
PySR,run_3,Full,0.1,15,a_z,3,10.90071078995858,12.764129709938452,17.572447501209993,-1.14412630194846,0.04027823834188671,0.47681422513101884,D,px - vx
PySR,run_4,Full,0.1,15,a_x,5,33.07759156981118,25.600661868840135,83.83707811310443,0.978688787665682,0.024401895157885267,0.38754212667994986,D,(sin_ez + vy)*12.433003
PySR,run_4,Full,0.1,15,a_y,7,31.06453586436068,18.019084802505066,60.97991004368998,0.9834100518021256,0.47303740859003274,0.5730932658091837,F,px - (cos_ez + vx)/0.08641568
PySR,run_4,Full,0.1,15,a_z,3,7.2495191796341585,6.060224057221262,3.5949279420548454,0.32826130411639654,0.08463148853980917,0.38884954194786026,D,vy*(-0.633905)
PySR,run_5,Full,0.1,15,a_x,5,41.31518057860116,29.241510713825893,44.941399385446736,0.9766490763390853,0.9634217572347157,1.033328239177432,F,(sin_ez + vy)*12.593956
PySR,run_5,Full,0.1,15,a_y,7,30.956726590369644,16.10580417214051,26.95828918815411,0.985563965676047,0.9783310555147904,0.5659739719837804,F,(cos_ez + vx)*(wz - 1*3.5237184)
PySR,run_5,Full,0.1,15,a_z,3,8.582693778203877,10.228111452395012,10.240125340623262,0.1918659275922815,0.2751252397595284,0.147230216313966,C,vy/(-1.0707252)
Hybrid PySR,pooled,Full,0.1,15,a_x,5,45.0654100109784,42.21403607715372,39.1617624122987,0.9678560002535797,0.9722450064263667,22.696669782866728,F,(sin_ez + vy)*12.480957
Hybrid PySR,pooled,Full,0.1,15,a_y,7,56.81618125569734,48.54605468345255,32.96491990072047,0.9592067966096145,0.9753264787677506,149.85154153490757,F,(vx - (0.14156005 - cos_ez))/(-0.08023525)
Hybrid PySR,pooled,Full,0.1,15,a_z,3,11.905627419577725,14.124815221962065,29.50463051574425,-0.40224410098405583,-0.7472977818279749,1.3691658148281964,F,ay*0.07841738
PySR,run_1,Full,0.1,25,a_x,7,47.381886771479316,29.988567671055893,26.827272223524908,0.9784178927306626,0.9780057078770366,4.105392973437499,F,px*70.252 + vy/0.057256423
PySR,run_1,Full,0.1,25,a_y,6,72.7354513325228,40.43337174106352,43.71773424383919,0.9717979691173982,0.9658474668828134,1.7005577114351655,F,(vx + sin(cos_ez))*(-12.905485)
PySR,run_1,Full,0.1,25,a_z,5,8.216898916227974,6.464161512743591,6.17956007120618,0.678513408011437,0.6019509868147384,0.6627203756797685,F,0.101542756*(-alphax + ay)
PySR,run_2,Full,0.1,25,a_x,9,73.14069568263082,34.93498166542185,91.96362991922655,0.9718272641982016,0.9360673731667606,1.0334955214558705,F,(px*3.9437196 + vy)/0.056522425 - 0.6715556
PySR,run_2,Full,0.1,25,a_y,9,51.082784157157356,34.165133250445244,66.7803379032439,0.971113907854173,0.948057430698241,1.6165193593434248,F,-13.917592*cos_ez - vx/0.07955393 + 0.10380542
PySR,run_2,Full,0.1,25,a_z,3,14.368012390986173,10.622612721269359,19.946505329462305,0.262231962655633,-0.027994759853774198,0.3127117929204927,D,vx*(-0.76237607)
PySR,run_3,Full,0.1,25,a_x,7,29.05020969067348,38.87046802884136,147.5044166834157,0.970489464174733,0.7015724768369176,1.7324455252941753,F,-vy + (sin_ez + vy)/0.07232516
PySR,run_3,Full,0.1,25,a_y,5,32.83044953726891,52.00604660027174,119.69086264196069,0.9600948723856934,0.6738916751375942,0.6561095933947669,F,(cos_ez + vx)*(-11.975208)
PySR,run_3,Full,0.1,25,a_z,3,10.778237312535229,10.999569999232058,18.788182957312095,-0.8477144843735986,-0.026119329416400827,0.05599814347907722,C,ay*0.0883388
PySR,run_4,Full,0.1,25,a_x,7,31.70823005238789,23.622776080670842,97.40446128335657,0.9803352741596898,-0.1334794815130398,0.30358253485694975,D,sin_ez + (sin_ez + vy)*12.465861
PySR,run_4,Full,0.1,25,a_y,10,33.16841325369502,16.575159539594566,71.05814900834253,0.984739455907597,0.38594553000482046,2.719598073573045,F,py - (cos_ez + vx)/0.08714177 - sin(1.1906598)
PySR,run_4,Full,0.1,25,a_z,3,7.249994734128681,6.052731655448402,3.5953613317373274,0.32909179093477403,0.08452113548825158,0.38945549273602037,D,vy*(-0.6307102)
PySR,run_5,Full,0.1,25,a_x,7,37.158261853528614,25.99063747404148,41.59446925701883,0.9792450739808084,0.9661458562710203,0.8676787009754328,F,(sin_ez + vy)/((-0.66791874/wz))
PySR,run_5,Full,0.1,25,a_y,3,74.10467421118763,55.3284176872449,72.69243623890299,0.9504077580798672,0.9415701658825003,0.5655571452346487,F,vx*(-10.385672)
PySR,run_5,Full,0.1,25,a_z,3,8.15925793582893,8.701259709129255,8.58300727963651,0.3125041238996996,0.3924287899790432,0.06046902509827299,C,ax*(-0.07981686)
Hybrid PySR,pooled,Full,0.1,25,a_x,5,45.06312687324484,42.264988495341626,39.18407429630193,0.9678172023875258,0.9722291933944963,22.72214156218691,F,(sin_ez + vy)/0.08005212
Hybrid PySR,pooled,Full,0.1,25,a_y,7,53.69217652927875,46.97086251507555,29.301972240158626,0.9605304290844373,0.9780681149418313,50.17039915687969,F,cos_ez/(-0.08150415) - 12.349587*vx
Hybrid PySR,pooled,Full,0.1,25,a_z,3,11.904452914039194,14.37636462129443,29.963031977281045,-0.42721672227339047,-0.7744448378299993,1.373059943421405,F,ay*0.08012816
PySR,run_1,Full,0.1,35,a_x,21,37.26575166408418,21.0606726770018,22.76653351187019,0.9848431008154431,0.9813348973941445,3.88885333751999,F,(vz - (-5.3870792)*(sin_ez/0.0857812 - (-pz + vy*(wz - 1*2.4571085)) - 1*(-0.0131109655)) + 0.8609792)*0.20710285
PySR,run_1,Full,0.1,35,a_y,7,70.43730221381126,38.76141800183459,42.33628798314864,0.972964146682059,0.9669266602578566,1.145506905310714,F,(-cos_ez + vx/(-1.1085367))*14.916022
PySR,run_1,Full,0.1,35,a_z,29,5.949233892242857,5.73978458315358,5.219002209050913,0.714539344236875,0.6638241791993895,0.6714862255486015,F,(wy*(-2.9091067) - (-(-sin_ey - (-0.66096324)*sin_ey + wy - (-wx + wy - (alphax - ay/2.562936 + px))) - 2.5658484) + 1.971524)*(-0.26983958)
PySR,run_2,Full,0.1,35,a_x,5,54.09923501712574,33.14374222214864,45.02927220922045,0.9732717795002676,0.9686958892417253,2.880205452739587,F,(sin_ez + vy)*13.201955
PySR,run_2,Full,0.1,35,a_y,7,50.31665143404075,39.136990885423465,73.64480339362187,0.9669102790631732,0.9427181648956316,1.979945906991306,F,cos_ez*(-15.083927) + vx*(-12.860075)
PySR,run_2,Full,0.1,35,a_z,3,14.626908680082225,11.35427640261556,21.599060883416044,0.2114160200672227,-0.11316348599260473,0.3384976740906282,D,py - vx
PySR,run_3,Full,0.1,35,a_x,9,31.63289476417701,44.44543044164308,146.3528064979973,0.966256941739309,0.7039023879203357,1.3126262210022364,F,py + (sin_ez + vy)/0.07668739 - 1*(-0.23544516)
PySR,run_3,Full,0.1,35,a_y,7,32.93964941434716,50.42244138248435,116.088687590805,0.9613099997110255,0.6837061191633464,0.5839797125254002,F,-11.81122*(cos_ez + vx) - 0.05406851
PySR,run_3,Full,0.1,35,a_z,3,10.778659790144992,10.813030027270182,18.747213757942706,-0.8163793859895103,-0.0238817906677542,0.0553966841189944,C,ay*0.087247506
PySR,run_4,Full,0.1,35,a_x,5,33.211241701621276,26.55265858844956,85.1637496510866,0.9778963001769947,0.008963639587274197,0.3598647649279081,D,(sin_ez + vy)/0.07973547
PySR,run_4,Full,0.1,35,a_y,9,31.471743999707787,19.998146941801732,69.27058283032038,0.9815879538026344,0.40139292087195144,0.2923985066694376,D,-12.661653*cos_ez + vx*(-sin_ey - 11.769015)
PySR,run_4,Full,0.1,35,a_z,5,6.599985208135769,5.37603949711686,3.5398410108028813,0.40409896949125745,0.09865815140309808,0.1191789217253949,C,-0.06635481*ax + vz
PySR,run_5,Full,0.1,35,a_x,5,41.267022129755496,35.920053675856884,51.70630356171664,0.9713158995275742,0.9579157358240068,0.9728723757056477,F,(sin_ez + vy)*13.045363
PySR,run_5,Full,0.1,35,a_y,11,33.92171815149391,18.405975074318118,29.934034089414972,0.9835022650779339,0.9759391659324239,0.5468589169801285,F,py - (cos_ez/0.101809 - sin_ez + 11.818202*vx)
PySR,run_5,Full,0.1,35,a_z,3,8.106784578238953,9.022894125840365,8.78260822915427,0.28709144315086343,0.37829950097010123,0.08450626762265653,C,ax*(-0.085425764)
Hybrid PySR,pooled,Full,0.1,35,a_x,7,44.61042713313063,43.82467403280031,38.693296381942794,0.9666295753283899,0.9725770208930575,19.717061807056876,F,-(-13.779127)*sin_ez + vy/0.07918091
Hybrid PySR,pooled,Full,0.1,35,a_y,5,53.710685434951515,47.29129680243217,29.396242970317886,0.9602611684587773,0.977997555363068,50.17988581936023,F,(cos_ez + vx)*(-12.370331)
Hybrid PySR,pooled,Full,0.1,35,a_z,3,11.904254246832917,14.358131903948209,29.929968519816494,-0.42540666529622784,-0.7724867822679564,1.3727810709932253,F,ay*0.080005735
